INSERT INTO "answers" ("answer_id","question_id","answer_text","is_correct") VALUES (1,1,'class MyClass {} ',1),
 (2,1,'new class MyClass {}',0),
 (3,1,'select * from class MyClass {}',0),
 (4,1,'MyClass extends class {}',0),
 (5,2,'int a[] = 1, 2, 3, 4, 5;',0),
 (6,2,'int[] a = new int[] {1, 2, 3, 4, 5}; ',1),
 (7,2,'int[] a = new int {1, 2, 3, 4, 5};',0),
 (8,2,'int[] a = int[] {1, 2, 3, 4, 5};',0),
 (9,3,'Get',0),
 (10,3,'Scanner',1),
 (11,3,'Scaner',0),
 (12,3,'System',0),
 (13,4,'+, -, *, /, %',0),
 (14,4,'+, -, *, /, --, ++',0),
 (15,4,'+, -, *, /',0),
 (16,4,'Все перечисленные ',1),
 (17,5,'System.out.print("Hello World!"); ',1),
 (18,5,'print("Hello World!");',0),
 (19,5,'System.print("Hello World!");',0),
 (20,5,'System.out("Hello World!");',0),
 (21,6,'byte x = 100000;',0),
 (22,6,'float x = 23.3f;',1),
 (23,6,'bool isDone = true;',0),
 (24,6,'char str = ''ab'';',0),
 (25,7,'Для создания программ под ПК',0),
 (26,7,'Для создания игр',0),
 (27,7,'Для создания сайтов',0),
 (28,7,'Для всего перечисленного',1),
 (29,8,'Их тип данных',1),
 (30,8,'Их названия',0),
 (31,8,'Их адрес в памяти',0),
 (32,8,'Их размер',0),
 (33,9,'Не более 10',0),
 (34,9,'Не более 20',0),
 (35,9,'Не более 5',0),
 (36,9,'Неограниченное количество',1),
 (37,10,'по имени класса в нём',1),
 (38,10,'по имени названия пакета',0),
 (39,10,'по имени основного метода в нем',0),
 (40,10,'как вам захочется',0),
 (41,11,'До 30',0),
 (42,11,'До 5',0),
 (43,11,'Не более 50',0),
 (44,11,'Неограниченное количество ',1),
 (45,12,'2',0),
 (46,12,'1',0),
 (47,12,'3',1),
 (48,12,'0',0),
 (49,13,'Не более 15',0),
 (50,13,'Не более 10',0),
 (51,13,'Нельзя передавать параметры в деструктор ',1),
 (52,13,'Не более 3',0),
 (53,14,'0',0),
 (54,14,'6',0),
 (55,14,'Ошибку',1),
 (56,14,'5',0),
 (57,15,'C++',0),
 (58,15,'C++ ++',0),
 (59,15,'C++ C++',0),
 (60,15,'Ошибку',1),
 (61,16,'/* здесь комментарий',0),
 (62,16,'/* здесь комментарий /*',0),
 (63,16,'// здесь комментарий',1),
 (64,16,'# здесь комментарий',0),
 (65,17,'True',0),
 (66,17,'Будет ошибка в коде',0),
 (67,17,'Нельзя сравнивать массивы на равенство',0),
 (68,17,'Ничего не выведет, так как идет сравнение указателей',1),
 (69,18,'char sym = ''a'';',1),
 (70,18,'done = true;',0),
 (71,18,'int num = "1";',0),
 (72,18,'float x = 32,14;',0),
 (73,19,'Ошибку',1),
 (74,19,'Fine',0),
 (75,19,'Nine',0),
 (76,19,'’N’',0),
 (77,20,'#include <iostream.h>',0),
 (78,20,'#include “iostream.h”',0),
 (79,20,'#include <iostream> ',1),
 (80,20,'#include iostream',0),
 (81,21,'Состояния для работы со значениями, свойства для работы с функциями',0),
 (82,21,'Свойства можно изменять, состояния нельзя',0),
 (83,21,'Состояния можно изменять, свойства нельзя ',1),
 (84,21,'Свойства для работы со значениями, состояния для работы с функциями',0),
 (85,22,'<Test >',0),
 (86,22,'</Test>',0),
 (87,22,'</ Test>',0),
 (88,22,'<Test />',1),
 (89,23,'{this.prop.weight}',0),
 (90,23,'{this.weight}',0),
 (91,23,'{prop.weight}',0),
 (92,23,'{this.props.weight}',1),
 (93,24,'ComponentReact',0),
 (94,24,'React.Component',1),
 (95,24,'Component',0),
 (96,24,'ReactJS.Component',0),
 (97,25,'Только в div',0),
 (98,25,'Только в тег, у которого есть id',0),
 (99,25,'В div или же в span',0),
 (100,25,'В любой тег',1),
 (101,26,'MVC-фреймворк',0),
 (102,26,'Back-end платформа',0),
 (103,26,'фреймворк',0),
 (104,26,'JavaScript библиотека',1),
 (105,27,'class App extends React.Component {}',1),
 (106,27,'class App extends Component {}',0),
 (107,27,'class App extends React.Component ({})',0),
 (108,27,'class App {}',0),
 (109,28,'argument={this.someFunction}',1),
 (110,28,'argument=(this.someFunction)',0),
 (111,28,'argument={this.someFunction ()}',0),
 (112,28,'argument={this.someFunction {}}',0),
 (113,29,'console',0),
 (114,29,'print',0),
 (115,29,'react',0),
 (116,29,'render',1),
 (117,30,'Не более 300',0),
 (118,30,'Не более 10',0),
 (119,30,'Не более 100',0),
 (120,30,'Неограниченное количество',1),
 (121,31,'GitHub',0),
 (122,31,'Google',0),
 (123,31,'Facebook',1),
 (124,31,'Twitter',0),
 (125,32,'Не более 10',0),
 (126,32,'Не более 5',0),
 (127,32,'Всегда 1',1),
 (128,32,'Неограниченное количество',0);
INSERT INTO "demo" ("ID","Name","Hint") VALUES (1,'https://sql-page.com/','SQLPage turns SQL queries into interactive web pages, forms, maps, and dashboards.'),
 (2,'https://t.me/s/sqliteonlinecom','Telegram channel with news about the project'),
 (3,'SQL Online','Next gen SQL editor'),
 (4,'N`Kirill.','https://www.linkedin.com/in/sqliteonlinecom'),
 (5,'Import','➕ → Import'),
 (6,'Export','[RightClick] mouse on Table OR It’s now the first one at the bottom right of the table.'),
 (7,'SQLite OpFS (storage)','Enable OpFS on settings'),
 (8,'Chart','LINE-SELECT name, cos(id), sin(id) FROM demo;'),
 (9,'Short CODE','s* tableName => SELECT * FROM tableName

sf tableName => SELECT columns FROM tableName

sc tableName => SELECT count(*) FROM tableName

sl tableName => SELECT * FROM tableName ORDER BY key DESC LIMIT 100;

ct => CREATE TABLE

ii tableName => INSERT INTO

us tableName => UPDATE SET

uw tableName => UPDATE SET WHERE

df tableName => DELETE FROM

dw tableName => DELETE FROM WHERE'),
 (10,'SQLite 3.49.1','SQL OnLine on JavaScript'),
 (11,'[RightClick] mouse','Opens many additional features'),
 (12,'Left-Panel, Table','[RightClick] mouse "Context menu"'),
 (13,'Tabs','mouse: [RightClick] , [MiddleClick] , [Wheel] , [LeftClick]'),
 (14,'SQL Editor','autocomplete: [Ctrl-Space] or [Alt-Space]; run: [Shift-Enter]'),
 (15,'Size table','Fast scroll million rows'),
 (16,'Share','Create public link DB'),
 (17,'12','Number of color themes'),
 (18,'ai.Url','https://sqliteonline.com/LICENSE'),
 (19,'ai.Color','#9393ad'),
 (20,'ai.Image','Blob - png, jpg, gif or String(base64) [DbClick] row'),
 (21,'SQL','Syntax example library'),
 (22,'CREATE','CREATE TABLE table_name (col1, col2)'),
 (23,'SELECT','SELECT * FROM table_name'),
 (24,'INSERT','INSERT INTO table_name (col1, col2) VALUES ("example","test")'),
 (25,'UPDATE','UPDATE table_name SET col1="work" WHERE col2="test"'),
 (26,'DELETE','DELETE FROM table_name');
INSERT INTO "questions" ("question_id","test_id","question_text","question_type","min_answers","max_answers","order_number") VALUES (1,1,'Как объявить класс в коде?','single',1,1,1),
 (2,1,'Где правильно создан массив?','single',1,1,2),
 (3,1,'Какой класс отвечает за получение информации от пользователя?','single',1,1,3),
 (4,1,'Какие математические операции есть в Java?','single',1,1,4),
 (5,1,'Где правильно осуществлен вывод?','single',1,1,5),
 (6,1,'Где правильно создана простая переменная?','single',1,1,6),
 (7,1,'Для чего можно использовать Java?','single',1,1,7),
 (8,1,'Что общего у всех элементов массива?','single',1,1,8),
 (9,1,'Сколько параметров может принимать функция?','single',1,1,9),
 (10,1,'Каждый файл должен называется...','single',1,1,10),
 (11,2,'Сколько аргументов можно передать в функцию?','single',1,1,1),
 (12,2,'Каким будет x?
int x = 2 + 1;
','single',1,1,2),
 (13,2,'Сколько параметров можно передать в деструктор?','single',1,1,3),
 (14,2,'Что покажет код ниже?
int const a = 5;
a++;
cout << a;
','single',1,1,4),
 (15,2,'Что покажет код ниже?
char s[] = "C++";
cout << s << " ";
s++;
cout << s << " ";
','single',1,1,5),
 (16,2,'Как указать комментарий?','single',1,1,6),
 (17,2,'Что выдаст код ниже?
char s[] = "hello", t[] = "hello";
if(s == t)
   cout << "True";
','single',1,1,7),
 (18,2,'Где правильно указана переменная?','single',1,1,8),
 (19,2,'Что покажет код ниже?
char *s = "Fine";
*s = ''N'';
cout << s << endl;
','single',1,1,9),
 (20,2,'Как подключить стандартную библиотеку iostream?','single',1,1,10),
 (21,3,'Чем свойства отличаются от состояний?','single',1,1,1),
 (22,3,'Где правильно выведен компонент через рендер?','single',1,1,2),
 (23,3,'Как обратится к свойству weight?
<Test weight="203" height="182" />
','single',1,1,3),
 (24,3,'От какого класса идет наследование всех компонентов?','single',1,1,4),
 (25,3,'Куда можно встроить готовый код из метода render()?','single',1,1,5),
 (26,3,'React JS – это...','single',1,1,6),
 (27,3,'Где правильно создан компонент?','single',1,1,7),
 (28,3,'Где правильно передена функция в качестве свойства?','single',1,1,8),
 (29,3,'Какой метод отвечает за вывод информации через React JS компонент?','single',1,1,9),
 (30,3,'Как много компонентов может быть на сайте?','single',1,1,10),
 (31,3,'Какая компания разработала React JS?','single',1,1,11),
 (32,3,'Сколько родительских HTML тегов может быть выведено в React JS компоненте?','single',1,1,12);
INSERT INTO "tests" ("test_id","test_name","description","duration_minutes","created_at") VALUES (1,'Java Core',NULL,20,'2025-04-26 07:46:24'),
 (2,'Основы C++',NULL,10,'2025-04-30 05:53:51'),
 (3,'React JS',NULL,10,'2025-05-07 07:06:56');